character_name,tg_username,vk_username,telegram_id,is_active,is_admin,is_alive,is_child,weak_zones,skill_1,skill_2,skill_3,skill_4,skill_5,skill_6
Андрей Медведев,Эйвинд,https://vk.com/Strelnik%20Stepan,https://t.me/Oldman87,0,0,1,0,"[HEAD, CHEST, RIGHT_ARM]","{""name"": ""Неудержимый"", ""description"": ""Может начать драку, находясь в удержании."", ""is_health"": false, ""pain"": 0, ""recipes"": []},","{""name"": ""Здоровый как бык"", ""description"": ""Считается дополнительной ячейкой здоровья."", ""is_health"": true, ""pain"": -3, ""recipes"": []},","{""name"": ""Опытный дознаватель"", ""description"": ""При проведении пыток может сократить отыгрыш до 2 минут. Когда выбирает зоны, может назвать две вместо одной. Пытка будет успешной, если хотя бы одна из зон слабая."", ""is_health"": false, ""pain"": 0, ""recipes"": []},","{""name"": ""Здоровье"", ""description"": ""Обычное здоровье персонажа."", ""is_health"": true, ""pain"": -2, ""recipes"": []},","{""name"": ""Пудовый кулак"", ""description"": ""В драке за 1 энергию может понизить прочность 1 оружия на 2. Можно применить несколько раз за драку."", ""is_health"": true, ""pain"": 0, ""recipes"": []},","{""name"": ""Здоровье"", ""description"": ""Обычное здоровье персонажа."", ""is_health"": true, ""pain"": -2, ""recipes"": []},"
Генрих Ольгимский,Сфай,https://vk.com/Sfairatt,https://t.me/sfairatt,0,0,1,0,"[HEAD, CHEST, RIGHT_LEG]","{""name"": ""Родившийся в рубашке"", ""description"": ""Может потратить 3 энергии, чтобы не получать ранение или травму. Не спасает от Чумы и бессоницы."", ""is_health"": false, ""pain"": -1, ""recipes"": []},","{""name"": ""Стойкий"", ""description"": ""Имеет на одну слабую зону пыток меньше."", ""is_health"": false, ""pain"": -2, ""recipes"": []},","{""name"": ""Карманный жонглёр"", ""description"": ""При обыске может спрятать 1 предмет. За каждые 5 меток воровства, может спрятать ещё 1 предмет."", ""is_health"": false, ""pain"": 0, ""recipes"": []},","{""name"": ""Здоровье"", ""description"": ""Обычное здоровье персонажа."", ""is_health"": true, ""pain"": -2, ""recipes"": []},","{""name"": ""Здоровье"", ""description"": ""Обычное здоровье персонажа."", ""is_health"": true, ""pain"": -2, ""recipes"": []},","{""name"": ""Здоровье"", ""description"": ""Обычное здоровье персонажа."", ""is_health"": true, ""pain"": -2, ""recipes"": []},"
Сорока,Liliacea_85@mail.ru,https://vk.com/id1362554,,0,0,1,1,"[HEAD, LEFT_ARM, LEFT_LEG]","{""name"": ""Карманный жонглёр"", ""description"": ""При обыске может спрятать 1 предмет. За каждые 5 меток воровства, может спрятать ещё 1 предмет."", ""is_health"": false, ""pain"": 0, ""recipes"": []},","{""name"": ""Крепыш"", ""description"": ""При контакте с Чумой считается, что персонаж использовал на 1 иммуник больше. Суммируется с аналогичным свойством ребёнка."", ""is_health"": false, ""pain"": -2, ""recipes"": []},","{""name"": ""Проныра"", ""description"": ""Может пройти сквозь баррикаду за 1 энергию."", ""is_health"": false, ""pain"": 0, ""recipes"": []},","{""name"": ""Здоровье"", ""description"": ""Обычное здоровье персонажа."", ""is_health"": true, ""pain"": -2, ""recipes"": []},","{""name"": ""Здоровье"", ""description"": ""Обычное здоровье персонажа."", ""is_health"": true, ""pain"": -2, ""recipes"": []},","{""name"": ""Здоровье"", ""description"": ""Обычное здоровье персонажа."", ""is_health"": true, ""pain"": -2, ""recipes"": []},"
Роман Сабуров,Невский,https://vk.com/id82201096,https://t.me/MoonNick,0,0,1,0,"[HEAD, RIGHT_ARM, LEFT_LEG]","{""name"": ""Кулачный боец"", ""description"": ""Может перебросить свою монетку один раз за драку."", ""is_health"": false, ""pain"": -1, ""recipes"": []},","{""name"": ""Хладнокровный убийца"", ""description"": ""При использовании ножа или добивании голыми руками добивание происходит за 10 секунд. Добивание голыми руками невозможно без навыка."", ""is_health"": false, ""pain"": 0, ""recipes"": []},","{""name"": ""Опытный дознаватель"", ""description"": ""При проведении пыток может сократить отыгрыш до 2 минут. Когда выбирает зоны, может назвать две вместо одной. Пытка будет успешной, если хотя бы одна из зон слабая."", ""is_health"": false, ""pain"": 0, ""recipes"": []},","{""name"": ""Здоровье"", ""description"": ""Обычное здоровье персонажа."", ""is_health"": true, ""pain"": -2, ""recipes"": []},","{""name"": ""Здоровье"", ""description"": ""Обычное здоровье персонажа."", ""is_health"": true, ""pain"": -2, ""recipes"": []},","{""name"": ""Здоровье"", ""description"": ""Обычное здоровье персонажа."", ""is_health"": true, ""pain"": -2, ""recipes"": []},"
"Максим ""Коваль"" Ковалёв",Логан,https://vk.com/laenel,,0,0,1,0,"[HEAD, RIGHT_ARM, RIGHT_LEG]","{""name"": ""Родившийся в рубашке"", ""description"": ""Может потратить 3 энергии, чтобы не получать ранение или травму. Не спасает от Чумы и бессоницы."", ""is_health"": false, ""pain"": -1, ""recipes"": []},","{""name"": ""Пудовый кулак"", ""description"": ""В драке за 1 энергию может понизить прочность 1 оружия на 2. Можно применить несколько раз за драку."", ""is_health"": false, ""pain"": 0, ""recipes"": []},","{""name"": ""Здоровый как бык"", ""description"": ""Считается дополнительной ячейкой здоровья."", ""is_health"": true, ""pain"": -3, ""recipes"": []},","{""name"": ""Здоровье"", ""description"": ""Обычное здоровье персонажа."", ""is_health"": true, ""pain"": -2, ""recipes"": []},","{""name"": ""Здоровье"", ""description"": ""Обычное здоровье персонажа."", ""is_health"": true, ""pain"": -2, ""recipes"": []},","{""name"": ""Здоровье"", ""description"": ""Обычное здоровье персонажа."", ""is_health"": true, ""pain"": -2, ""recipes"": []},"
Инна Сабурова,Ри,https://vk.com/id53488825,https://t.me/Rishka_the_Chamomile,0,0,1,0,"[HEAD, LEFT_LEG, RIGHT_LEG]","{""name"": ""Стрелок"", ""description"": ""При осечке в драке может продолжать стрелять из пистолета."", ""is_health"": false, ""pain"": 0, ""recipes"": []},","{""name"": ""Хладнокровный убийца"", ""description"": ""При использовании ножа или добивании голыми руками добивание происходит за 10 секунд. Добивание голыми руками невозможно без навыка."", ""is_health"": false, ""pain"": 0, ""recipes"": []},","{""name"": ""Умелец"", ""description"": ""Знает 4 рецепта из общего списка."", ""is_health"": false, ""pain"": 0, ""recipes"": [REPAIR_GUNS, CRAFT_LOCKPICKS, CRAFT_TWYRINE, UPGRADE_LOCKS]},","{""name"": ""Здоровье"", ""description"": ""Обычное здоровье персонажа."", ""is_health"": true, ""pain"": -2, ""recipes"": []},","{""name"": ""Здоровье"", ""description"": ""Обычное здоровье персонажа."", ""is_health"": true, ""pain"": -2, ""recipes"": []},","{""name"": ""Здоровье"", ""description"": ""Обычное здоровье персонажа."", ""is_health"": true, ""pain"": -2, ""recipes"": []},"
Равиль,Накидашенцев,https://vk.com/groznii,,0,0,1,0,"[CHEST, LEFT_ARM, RIGHT_LEG]","{""name"": ""Неудержимый"", ""description"": ""Может начать драку, находясь в удержании."", ""is_health"": false, ""pain"": 0, ""recipes"": []},","{""name"": ""Пудовый кулак"", ""description"": ""В драке за 1 энергию может понизить прочность 1 оружия на 2. Можно применить несколько раз за драку."", ""is_health"": false, ""pain"": 0, ""recipes"": []},","{""name"": ""Степной знахарь"", ""description"": ""Знает 1 рецепт из медицинского списка. За одно создание лекарств делает 2 порции."", ""is_health"": false, ""pain"": 0, ""recipes"": [CRAFT_PAINKILLERS]},","{""name"": ""Здоровье"", ""description"": ""Обычное здоровье персонажа."", ""is_health"": true, ""pain"": -2, ""recipes"": []},","{""name"": ""Здоровье"", ""description"": ""Обычное здоровье персонажа."", ""is_health"": true, ""pain"": -2, ""recipes"": []},","{""name"": ""Здоровье"", ""description"": ""Обычное здоровье персонажа."", ""is_health"": true, ""pain"": -2, ""recipes"": []},"
Никодим Криницкий,samaelko,https://vk.com/id2384665,,0,0,1,0,"[CHEST, RIGHT_ARM, LEFT_LEG]","{""name"": ""Привычный к улице"", ""description"": ""Один раз в день может взять случайный ресурс из коробки мёртвых вещей в каждом районе. При ночёвке в жилом доме восстанавливает на 1 энергию меньше."", ""is_health"": false, ""pain"": -1, ""recipes"": []},","{""name"": ""Из последних сил"", ""description"": ""Может получить небоевое ранение, чтобы не тратить энергию."", ""is_health"": false, ""pain"": -1, ""recipes"": []},","{""name"": ""Знахарь"", ""description"": ""Знает 1 рецепт из медицинского списка."", ""is_health"": false, ""pain"": 0, ""recipes"": [CRAFT_IMMUNICS]},","{""name"": ""Здоровье"", ""description"": ""Обычное здоровье персонажа."", ""is_health"": true, ""pain"": -2, ""recipes"": []},","{""name"": ""Здоровье"", ""description"": ""Обычное здоровье персонажа."", ""is_health"": true, ""pain"": -2, ""recipes"": []},","{""name"": ""Здоровье"", ""description"": ""Обычное здоровье персонажа."", ""is_health"": true, ""pain"": -2, ""recipes"": []},"
Юлия Криницкая,Юля Кузнецова,https://vk.com/id8668281,,0,0,1,0,"[CHEST, RIGHT_ARM, RIGHT_LEG]","{""name"": ""Привычный к улице"", ""description"": ""Один раз в день может взять случайный ресурс из коробки мёртвых вещей в каждом районе. При ночёвке в жилом доме восстанавливает на 1 энергию меньше."", ""is_health"": false, ""pain"": -1, ""recipes"": []},","{""name"": ""Из последних сил"", ""description"": ""Может получить небоевое ранение, чтобы не тратить энергию."", ""is_health"": false, ""pain"": -1, ""recipes"": []},","{""name"": ""Умелец"", ""description"": ""Знает 4 рецепта из общего списка."", ""is_health"": false, ""pain"": 0, ""recipes"": [REPAIR_BOOTS, REPAIR_KNIVES, CRAFT_LOCKS, CRAFT_TWYRINE]},","{""name"": ""Здоровье"", ""description"": ""Обычное здоровье персонажа."", ""is_health"": true, ""pain"": -2, ""recipes"": []},","{""name"": ""Здоровье"", ""description"": ""Обычное здоровье персонажа."", ""is_health"": true, ""pain"": -2, ""recipes"": []},","{""name"": ""Здоровье"", ""description"": ""Обычное здоровье персонажа."", ""is_health"": true, ""pain"": -2, ""recipes"": []},"
Мышка,Астрид,https://vk.com/id46300090,https://t.me/helgskari,0,0,1,1,"[CHEST, LEFT_LEG, RIGHT_LEG]","{""name"": ""Привычный к улице"", ""description"": ""Один раз в день может взять случайный ресурс из коробки мёртвых вещей в каждом районе. При ночёвке в жилом доме восстанавливает на 1 энергию меньше."", ""is_health"": false, ""pain"": -1, ""recipes"": []},","{""name"": ""Привычный к Степи"", ""description"": ""Может ночевать в Степи. Один раз в день не вскрывает чип твириновой настойки."", ""is_health"": false, ""pain"": -1, ""recipes"": []},","{""name"": ""Проныра"", ""description"": ""Может пройти сквозь баррикаду за 1 энергию."", ""is_health"": false, ""pain"": 0, ""recipes"": []},","{""name"": ""Здоровье"", ""description"": ""Обычное здоровье персонажа."", ""is_health"": true, ""pain"": -2, ""recipes"": []},","{""name"": ""Здоровье"", ""description"": ""Обычное здоровье персонажа."", ""is_health"": true, ""pain"": -2, ""recipes"": []},","{""name"": ""Здоровье"", ""description"": ""Обычное здоровье персонажа."", ""is_health"": true, ""pain"": -2, ""recipes"": []},"
Тина,Валка,https://vk.com/nedodao,https://t.me/ahuyentador,0,0,1,1,"[LEFT_ARM, RIGHT_ARM, LEFT_LEG]","{""name"": ""Изворотливый"", ""description"": ""Может вырваться из удержания за 1 энергию. Удерживающие не могут снова начать его удерживать 2 минуты."", ""is_health"": false, ""pain"": 0, ""recipes"": []},","{""name"": ""Привычный к Степи"", ""description"": ""Может ночевать в Степи. Один раз в день не вскрывает чип твириновой настойки."", ""is_health"": false, ""pain"": -1, ""recipes"": []},","{""name"": ""Проныра"", ""description"": ""Может пройти сквозь баррикаду за 1 энергию."", ""is_health"": false, ""pain"": 0, ""recipes"": []},","{""name"": ""Здоровье"", ""description"": ""Обычное здоровье персонажа."", ""is_health"": true, ""pain"": -2, ""recipes"": []},","{""name"": ""Здоровье"", ""description"": ""Обычное здоровье персонажа."", ""is_health"": true, ""pain"": -2, ""recipes"": []},","{""name"": ""Здоровье"", ""description"": ""Обычное здоровье персонажа."", ""is_health"": true, ""pain"": -2, ""recipes"": []},"
Виктор Потоцкий,Данила,,https://t.me/staplerfahrer_klaus,0,0,1,0,"[LEFT_ARM, RIGHT_ARM, RIGHT_LEG]","{""name"": ""Кулачный боец"", ""description"": ""Может перебросить свою монетку один раз за драку."", ""is_health"": false, ""pain"": -1, ""recipes"": []},","{""name"": ""Из последних сил"", ""description"": ""Может получить небоевое ранение, чтобы не тратить энергию."", ""is_health"": false, ""pain"": -1, ""recipes"": []},","{""name"": ""Здоровый как бык"", ""description"": ""Считается дополнительной ячейкой здоровья."", ""is_health"": true, ""pain"": -3, ""recipes"": []},","{""name"": ""Неудержимый"", ""description"": ""Может начать драку, находясь в удержании."", ""is_health"": false, ""pain"": 0, ""recipes"": []},","{""name"": ""Здоровье"", ""description"": ""Обычное здоровье персонажа."", ""is_health"": true, ""pain"": -2, ""recipes"": []},","{""name"": ""Здоровье"", ""description"": ""Обычное здоровье персонажа."", ""is_health"": true, ""pain"": -2, ""recipes"": []},"
Никодим Тарукх,Искар,https://vk.com/eternaldarkflame,https://t.me/+79991620766,0,0,1,0,"[LEFT_ARM, LEFT_LEG, RIGHT_LEG]","{""name"": ""Кулачный боец"", ""description"": ""Может перебросить свою монетку один раз за драку."", ""is_health"": false, ""pain"": -1, ""recipes"": []},","{""name"": ""Привычный к Степи"", ""description"": ""Может ночевать в Степи. Один раз в день не вскрывает чип твириновой настойки."", ""is_health"": false, ""pain"": -1, ""recipes"": []},","{""name"": ""Знаток твирина"", ""description"": ""Может съесть 2 травы вместо 1 еды. Знает рецепт твириновых настоек."", ""is_health"": false, ""pain"": -1, ""recipes"": [CRAFT_TWYRINE]},","{""name"": ""Здоровье"", ""description"": ""Обычное здоровье персонажа."", ""is_health"": true, ""pain"": -2, ""recipes"": []},","{""name"": ""Здоровье"", ""description"": ""Обычное здоровье персонажа."", ""is_health"": true, ""pain"": -2, ""recipes"": []},","{""name"": ""Здоровье"", ""description"": ""Обычное здоровье персонажа."", ""is_health"": true, ""pain"": -2, ""recipes"": []},"
Яна Спицына,Анка,https://vk.com/id86095369,,0,0,1,0,"[RIGHT_ARM, LEFT_LEG, RIGHT_LEG]","{""name"": ""Родившийся в рубашке"", ""description"": ""Может потратить 3 энергии, чтобы не получать ранение или травму. Не спасает от Чумы и бессоницы."", ""is_health"": false, ""pain"": -1, ""recipes"": []},","{""name"": ""Густая кровь"", ""description"": ""При ночёвке в доме 1 ранение снимается. Не работает для пулевых ранений."", ""is_health"": false, ""pain"": -1, ""recipes"": []},","{""name"": ""Здоровый как бык"", ""description"": ""Считается дополнительной ячейкой здоровья."", ""is_health"": true, ""pain"": -3, ""recipes"": []},","{""name"": ""Здоровье"", ""description"": ""Обычное здоровье персонажа."", ""is_health"": true, ""pain"": -2, ""recipes"": []},","{""name"": ""Здоровье"", ""description"": ""Обычное здоровье персонажа."", ""is_health"": true, ""pain"": -2, ""recipes"": []},","{""name"": ""Здоровье"", ""description"": ""Обычное здоровье персонажа."", ""is_health"": true, ""pain"": -2, ""recipes"": []},"
Лидия Криницкая,Wollorin,https://vk.com/layneamnis,,0,0,1,0,"[HEAD, CHEST, LEFT_ARM]","{""name"": ""Умелец"", ""description"": ""Знает 4 рецепта из общего списка."", ""is_health"": false, ""pain"": 0, ""recipes"": [REPAIR_MASKS, REPAIR_BANDIT_MASKS, REPAIR_CLOAK, REPAIR_GLOVES]},","{""name"": ""Привычный к Степи"", ""description"": ""Может ночевать в Степи. Один раз в день не вскрывает чип твириновой настойки."", ""is_health"": false, ""pain"": -1, ""recipes"": []},","{""name"": ""Знаток твирина"", ""description"": ""Может съесть 2 травы вместо 1 еды. Знает рецепт твириновых настоек."", ""is_health"": false, ""pain"": -1, ""recipes"": [CRAFT_TWYRINE]},","{""name"": ""Здоровье"", ""description"": ""Обычное здоровье персонажа."", ""is_health"": true, ""pain"": -2, ""recipes"": []},","{""name"": ""Здоровье"", ""description"": ""Обычное здоровье персонажа."", ""is_health"": true, ""pain"": -2, ""recipes"": []},","{""name"": ""Портной"", ""description"": ""При ремоне и создании одежды восстанавливает на 1 прочность больше. При наличии рецепта на ремонт одежды получает рецепт на создание аналогичной одежды."", ""is_health"": false, ""pain"": 0, ""recipes"": [CRAFT_MASKS, CRAFT_BANDIT_MASKS, CRAFT_CLOAKS, CRAFT_GLOVES]},"
Лия,Ася,https://vk.com/id12817992,,0,0,1,0,"[HEAD, CHEST, RIGHT_ARM]","{""name"": ""Родившийся в рубашке"", ""description"": ""Может потратить 3 энергии, чтобы не получать ранение или травму. Не спасает от Чумы и бессоницы."", ""is_health"": false, ""pain"": -1, ""recipes"": []},","{""name"": ""Умелец"", ""description"": ""Знает 4 рецепта из общего списка."", ""is_health"": false, ""pain"": 0, ""recipes"": [REPAIR_CLOAK, REPAIR_GLOVES, REPAIR_BANDIT_MASKS, CRAFT_LOCKPICKS]},","{""name"": ""Портной"", ""description"": ""При ремоне и создании одежды восстанавливает на 1 прочность больше. При наличии рецепта на ремонт одежды получает рецепт на создание аналогичной одежды."", ""is_health"": false, ""pain"": 0, ""recipes"": [CRAFT_CLOAKS, CRAFT_GLOVES, CRAFT_BANDIT_MASKS]},","{""name"": ""Здоровье"", ""description"": ""Обычное здоровье персонажа."", ""is_health"": true, ""pain"": -2, ""recipes"": []},","{""name"": ""Здоровье"", ""description"": ""Обычное здоровье персонажа."", ""is_health"": true, ""pain"": -2, ""recipes"": []},","{""name"": ""Здоровье"", ""description"": ""Обычное здоровье персонажа."", ""is_health"": true, ""pain"": -2, ""recipes"": []},"
Аристарх Каин,Kissofthevoid,,,0,0,1,0,"[HEAD, CHEST, LEFT_LEG]","{""name"": ""Здоровый как бык"", ""description"": ""Считается дополнительной ячейкой здоровья."", ""is_health"": true, ""pain"": -3, ""recipes"": []},","{""name"": ""Из последних сил"", ""description"": ""Может получить небоевое ранение, чтобы не тратить энергию."", ""is_health"": false, ""pain"": -1, ""recipes"": []},","{""name"": ""Опытный дознаватель"", ""description"": ""При проведении пыток может сократить отыгрыш до 2 минут. Когда выбирает зоны, может назвать две вместо одной. Пытка будет успешной, если хотя бы одна из зон слабая."", ""is_health"": false, ""pain"": 0, ""recipes"": []},","{""name"": ""Здоровье"", ""description"": ""Обычное здоровье персонажа."", ""is_health"": true, ""pain"": -2, ""recipes"": []},","{""name"": ""Здоровье"", ""description"": ""Обычное здоровье персонажа."", ""is_health"": true, ""pain"": -2, ""recipes"": []},","{""name"": ""Здоровье"", ""description"": ""Обычное здоровье персонажа."", ""is_health"": true, ""pain"": -2, ""recipes"": []},"
Волчица,Рениэл Полковник,https://vk.com/id244849190,https://t.me/reniel444,0,0,1,1,"[HEAD, LEFT_ARM, RIGHT_ARM]","{""name"": ""Привычный к улице"", ""description"": ""Один раз в день может взять случайный ресурс из коробки мёртвых вещей в каждом районе. При ночёвке в жилом доме восстанавливает на 1 энергию меньше."", ""is_health"": false, ""pain"": -1, ""recipes"": []},","{""name"": ""Непоседа"", ""description"": ""Восстанавливает на 2 энергии больше во время сна."", ""is_health"": false, ""pain"": 0, ""recipes"": []},","{""name"": ""Ловкие пальцы"", ""description"": ""При взломе может за 1 энергию игнорировать 1 цвет замка. Нельзя использовать более 1 раза за 1 взлом. Нельзя игнорировать единственный цвет замка."", ""is_health"": false, ""pain"": 0, ""recipes"": []},","{""name"": ""Здоровье"", ""description"": ""Обычное здоровье персонажа."", ""is_health"": true, ""pain"": -2, ""recipes"": []},","{""name"": ""Здоровье"", ""description"": ""Обычное здоровье персонажа."", ""is_health"": true, ""pain"": -2, ""recipes"": []},","{""name"": ""Здоровье"", ""description"": ""Обычное здоровье персонажа."", ""is_health"": true, ""pain"": -2, ""recipes"": []},"
Ведьмак,Шайни,,,0,0,1,1,"[HEAD, LEFT_ARM, LEFT_LEG]","{""name"": ""Привычный к улице"", ""description"": ""Один раз в день может взять случайный ресурс из коробки мёртвых вещей в каждом районе. При ночёвке в жилом доме восстанавливает на 1 энергию меньше."", ""is_health"": false, ""pain"": -1, ""recipes"": []},","{""name"": ""Непоседа"", ""description"": ""Восстанавливает на 2 энергии больше во время сна."", ""is_health"": false, ""pain"": 0, ""recipes"": []},","{""name"": ""Проныра"", ""description"": ""Может пройти сквозь баррикаду за 1 энергию."", ""is_health"": false, ""pain"": 0, ""recipes"": []},","{""name"": ""Здоровье"", ""description"": ""Обычное здоровье персонажа."", ""is_health"": true, ""pain"": -2, ""recipes"": []},","{""name"": ""Здоровье"", ""description"": ""Обычное здоровье персонажа."", ""is_health"": true, ""pain"": -2, ""recipes"": []},","{""name"": ""Здоровье"", ""description"": ""Обычное здоровье персонажа."", ""is_health"": true, ""pain"": -2, ""recipes"": []},"
Ярина,Юки,https://vk.com/id119597461,,0,0,1,0,"[HEAD, LEFT_ARM, RIGHT_LEG]","{""name"": ""Работник Завода"", ""description"": ""За работу на Заводе получает дополнительную деталь. При вскрытии тел игнорирует метку \""Неумелое вскрытие\""."", ""is_health"": false, ""pain"": -1, ""recipes"": []},","{""name"": ""Пудовый кулак"", ""description"": ""В драке за 1 энергию может понизить прочность 1 оружия на 2. Можно применить несколько раз за драку."", ""is_health"": false, ""pain"": 0, ""recipes"": []},","{""name"": ""Взломщик"", ""description"": ""При взломе может либо тратить 10 секунд на взлом каждой части замка, либо сохранить одну потраченную отмычку после взлома."", ""is_health"": false, ""pain"": 0, ""recipes"": []},","{""name"": ""Здоровье"", ""description"": ""Обычное здоровье персонажа."", ""is_health"": true, ""pain"": -2, ""recipes"": []},","{""name"": ""Здоровье"", ""description"": ""Обычное здоровье персонажа."", ""is_health"": true, ""pain"": -2, ""recipes"": []},","{""name"": ""Здоровье"", ""description"": ""Обычное здоровье персонажа."", ""is_health"": true, ""pain"": -2, ""recipes"": []},"
Евгений Иванович Войнич,Алтан,,,0,0,1,0,"[HEAD, RIGHT_ARM, LEFT_LEG]","{""name"": ""Неудержимый"", ""description"": ""Может начать драку, находясь в удержании."", ""is_health"": false, ""pain"": 0, ""recipes"": []},","{""name"": ""Карманщик"", ""description"": ""Может совершать карманные кражи. Один раз в день может взять случайный ресурс из коробки мёртвых вещей."", ""is_health"": false, ""pain"": 0, ""recipes"": []},","{""name"": ""Знаток твирина"", ""description"": ""Может съесть 2 травы вместо 1 еды. Знает рецепт твириновых настоек."", ""is_health"": false, ""pain"": -1, ""recipes"": [CRAFT_TWYRINE]},","{""name"": ""Здоровье"", ""description"": ""Обычное здоровье персонажа."", ""is_health"": true, ""pain"": -2, ""recipes"": []},","{""name"": ""Здоровье"", ""description"": ""Обычное здоровье персонажа."", ""is_health"": true, ""pain"": -2, ""recipes"": []},","{""name"": ""Здоровье"", ""description"": ""Обычное здоровье персонажа."", ""is_health"": true, ""pain"": -2, ""recipes"": []},"
Лада Вешнякова,netvestey,,,0,0,1,0,"[HEAD, RIGHT_ARM, RIGHT_LEG]","{""name"": ""Привычный к улице"", ""description"": ""Один раз в день может взять случайный ресурс из коробки мёртвых вещей в каждом районе. При ночёвке в жилом доме восстанавливает на 1 энергию меньше."", ""is_health"": false, ""pain"": -1, ""recipes"": []},","{""name"": ""Умелец"", ""description"": ""Знает 4 рецепта из общего списка."", ""is_health"": false, ""pain"": 0, ""recipes"": [REPAIR_CLOAK, REPAIR_GLOVES, REPAIR_MASKS, CRAFT_TWYRINE]},","{""name"": ""Знахарь"", ""description"": ""Знает 1 рецепт из медицинского списка."", ""is_health"": false, ""pain"": 0, ""recipes"": [CRAFT_IMMUNICS]},","{""name"": ""Здоровье"", ""description"": ""Обычное здоровье персонажа."", ""is_health"": true, ""pain"": -2, ""recipes"": []},","{""name"": ""Здоровье"", ""description"": ""Обычное здоровье персонажа."", ""is_health"": true, ""pain"": -2, ""recipes"": []},","{""name"": ""Здоровье"", ""description"": ""Обычное здоровье персонажа."", ""is_health"": true, ""pain"": -2, ""recipes"": []},"
Зоя Вешнякова,ярег,https://vk.com/id285419642,https://t.me/yarrreg,0,0,1,0,"[HEAD, LEFT_LEG, RIGHT_LEG]","{""name"": ""Карманщик"", ""description"": ""Может совершать карманные кражи. Один раз в день может взять случайный ресурс из коробки мёртвых вещей."", ""is_health"": false, ""pain"": 0, ""recipes"": []},","{""name"": ""Карманный жонглёр"", ""description"": ""При обыске может спрятать 1 предмет. За каждые 5 меток воровства, может спрятать ещё 1 предмет."", ""is_health"": false, ""pain"": 0, ""recipes"": []},","{""name"": ""Взломщик"", ""description"": ""При взломе может либо тратить 10 секунд на взлом каждой части замка, либо сохранить одну потраченную отмычку после взлома."", ""is_health"": false, ""pain"": 0, ""recipes"": []},","{""name"": ""Здоровье"", ""description"": ""Обычное здоровье персонажа."", ""is_health"": true, ""pain"": -2, ""recipes"": []},","{""name"": ""Здоровье"", ""description"": ""Обычное здоровье персонажа."", ""is_health"": true, ""pain"": -2, ""recipes"": []},","{""name"": ""Здоровье"", ""description"": ""Обычное здоровье персонажа."", ""is_health"": true, ""pain"": -2, ""recipes"": []},"
Виктор Кудашов,Арчи,https://vk.com/id575689011,,0,0,1,0,"[CHEST, LEFT_ARM, RIGHT_ARM]","{""name"": ""Родившийся в рубашке"", ""description"": ""Может потратить 3 энергии, чтобы не получать ранение или травму. Не спасает от Чумы и бессоницы."", ""is_health"": false, ""pain"": -1, ""recipes"": []},","{""name"": ""Из последних сил"", ""description"": ""Может получить небоевое ранение, чтобы не тратить энергию."", ""is_health"": false, ""pain"": -1, ""recipes"": []},","{""name"": ""Здоровый как бык"", ""description"": ""Считается дополнительной ячейкой здоровья."", ""is_health"": true, ""pain"": -3, ""recipes"": []},","{""name"": ""Здоровье"", ""description"": ""Обычное здоровье персонажа."", ""is_health"": true, ""pain"": -2, ""recipes"": []},","{""name"": ""Здоровье"", ""description"": ""Обычное здоровье персонажа."", ""is_health"": true, ""pain"": -2, ""recipes"": []},","{""name"": ""Здоровье"", ""description"": ""Обычное здоровье персонажа."", ""is_health"": true, ""pain"": -2, ""recipes"": []},"
Алла Каина,Анна Клим,https://vk.com/id389764904,,0,0,1,0,"[CHEST, LEFT_ARM, RIGHT_LEG]","{""name"": ""Родившийся в рубашке"", ""description"": ""Может потратить 3 энергии, чтобы не получать ранение или травму. Не спасает от Чумы и бессоницы."", ""is_health"": false, ""pain"": -1, ""recipes"": []},","{""name"": ""Умелец"", ""description"": ""Знает 4 рецепта из общего списка."", ""is_health"": false, ""pain"": 0, ""recipes"": [REPAIR_MASKS, REPAIR_MASKS, REPAIR_CLOAK, REPAIR_GLOVES]},","{""name"": ""Здоровый как бык"", ""description"": ""Считается дополнительной ячейкой здоровья."", ""is_health"": true, ""pain"": -3, ""recipes"": []},","{""name"": ""Здоровье"", ""description"": ""Обычное здоровье персонажа."", ""is_health"": true, ""pain"": -2, ""recipes"": []},","{""name"": ""Здоровье"", ""description"": ""Обычное здоровье персонажа."", ""is_health"": true, ""pain"": -2, ""recipes"": []},","{""name"": ""Здоровье"", ""description"": ""Обычное здоровье персонажа."", ""is_health"": true, ""pain"": -2, ""recipes"": []},"
Соня,Никита Кларов,https://vk.com/id596407746,https://t.me/fama978,0,0,1,1,"[CHEST, RIGHT_ARM, LEFT_LEG]","{""name"": ""Изворотливый"", ""description"": ""Может вырваться из удержания за 1 энергию. Удерживающие не могут снова начать его удерживать 2 минуты."", ""is_health"": false, ""pain"": 0, ""recipes"": []},","{""name"": ""Непоседа"", ""description"": ""Восстанавливает на 2 энергии больше во время сна."", ""is_health"": false, ""pain"": 0, ""recipes"": []},","{""name"": ""Карманный жонглёр"", ""description"": ""При обыске может спрятать 1 предмет. За каждые 5 меток воровства, может спрятать ещё 1 предмет."", ""is_health"": false, ""pain"": 0, ""recipes"": []},","{""name"": ""Здоровье"", ""description"": ""Обычное здоровье персонажа."", ""is_health"": true, ""pain"": -2, ""recipes"": []},","{""name"": ""Здоровье"", ""description"": ""Обычное здоровье персонажа."", ""is_health"": true, ""pain"": -2, ""recipes"": []},","{""name"": ""Здоровье"", ""description"": ""Обычное здоровье персонажа."", ""is_health"": true, ""pain"": -2, ""recipes"": []},"
Аяс,temapikatov,https://vk.com/id301202965,https://t.me/temapikatov,0,0,1,0,"[CHEST, RIGHT_ARM, RIGHT_LEG]","{""name"": ""Работник Завода"", ""description"": ""За работу на Заводе получает дополнительную деталь. При вскрытии тел игнорирует метку \""Неумелое вскрытие\""."", ""is_health"": false, ""pain"": -1, ""recipes"": []},","{""name"": ""Умелец"", ""description"": ""Знает 4 рецепта из общего списка."", ""is_health"": false, ""pain"": 0, ""recipes"": [CRAFT_KNIVES, CRAFT_BANDIT_MASKS, REPAIR_GUNS, CRAFT_LOCKPICKS]},","{""name"": ""Оружейник"", ""description"": ""При ремонте и создании оружия может заменить тип одной детали. При наличии рецепта на ремонт ножа получает рецепт на создание ножа."", ""is_health"": false, ""pain"": 0, ""recipes"": [CRAFT_KNIVES]},","{""name"": ""Здоровье"", ""description"": ""Обычное здоровье персонажа."", ""is_health"": true, ""pain"": -2, ""recipes"": []},","{""name"": ""Здоровье"", ""description"": ""Обычное здоровье персонажа."", ""is_health"": true, ""pain"": -2, ""recipes"": []},","{""name"": ""Здоровье"", ""description"": ""Обычное здоровье персонажа."", ""is_health"": true, ""pain"": -2, ""recipes"": []},"
Хвостик,Бальзак,https://vk.com/id127738764,,0,0,1,1,"[CHEST, LEFT_LEG, RIGHT_LEG]","{""name"": ""Карманщик"", ""description"": ""Может совершать карманные кражи. Один раз в день может взять случайный ресурс из коробки мёртвых вещей."", ""is_health"": false, ""pain"": 0, ""recipes"": []},","{""name"": ""Мелкий"", ""description"": ""При ночёвке в жилом доме может не занимать место. Если использует эту способность, восстанавливает на 1 энергию меньше."", ""is_health"": false, ""pain"": 0, ""recipes"": []},","{""name"": ""Проныра"", ""description"": ""Может пройти сквозь баррикаду за 1 энергию."", ""is_health"": false, ""pain"": 0, ""recipes"": []},","{""name"": ""Здоровье"", ""description"": ""Обычное здоровье персонажа."", ""is_health"": true, ""pain"": -2, ""recipes"": []},","{""name"": ""Здоровье"", ""description"": ""Обычное здоровье персонажа."", ""is_health"": true, ""pain"": -2, ""recipes"": []},","{""name"": ""Здоровье"", ""description"": ""Обычное здоровье персонажа."", ""is_health"": true, ""pain"": -2, ""recipes"": []},"
Мурза,Злата ,https://vk.com/id161211176,,0,0,1,0,"[LEFT_ARM, RIGHT_ARM, RIGHT_LEG]","{""name"": ""Родившийся в рубашке"", ""description"": ""Может потратить 3 энергии, чтобы не получать ранение или травму. Не спасает от Чумы и бессоницы."", ""is_health"": false, ""pain"": -1, ""recipes"": []},","{""name"": ""Привычный к Степи"", ""description"": ""Может ночевать в Степи. Один раз в день не вскрывает чип твириновой настойки."", ""is_health"": false, ""pain"": -1, ""recipes"": []},","{""name"": ""Знаток твирина"", ""description"": ""Может съесть 2 травы вместо 1 еды. Знает рецепт твириновых настоек."", ""is_health"": false, ""pain"": -1, ""recipes"": [CRAFT_TWYRINE]},","{""name"": ""Здоровье"", ""description"": ""Обычное здоровье персонажа."", ""is_health"": true, ""pain"": -2, ""recipes"": []},","{""name"": ""Здоровье"", ""description"": ""Обычное здоровье персонажа."", ""is_health"": true, ""pain"": -2, ""recipes"": []},","{""name"": ""Здоровье"", ""description"": ""Обычное здоровье персонажа."", ""is_health"": true, ""pain"": -2, ""recipes"": []},"
Аглая Миротворцева,Хатик,,,0,0,1,0,"[LEFT_ARM, LEFT_LEG, RIGHT_LEG]","{""name"": ""Врач"", ""description"": ""Может лечить ранения, находясь в Больнице. При вскрытии тел игнорирует метку \""Неумелое вскрытие\"".  Не наносит рану при взятии крови. Может проводить исследования."", ""is_health"": false, ""pain"": 0, ""recipes"": [CRAFT_SPECIAL_MEDS]},","{""name"": ""Здоровый как бык"", ""description"": ""Считается дополнительной ячейкой здоровья."", ""is_health"": true, ""pain"": -3, ""recipes"": []},","{""name"": ""Дипломированный врач"", ""description"": ""Может лечить ранения, находясь в Больнице. При вскрытии тел игнорирует метку \""Неумелое вскрытие\"".  Не наносит рану при взятии крови. Может проводить исследования."", ""is_health"": false, ""pain"": 0, ""recipes"": []},","{""name"": ""Здоровье"", ""description"": ""Обычное здоровье персонажа."", ""is_health"": true, ""pain"": -2, ""recipes"": []},","{""name"": ""Здоровье"", ""description"": ""Обычное здоровье персонажа."", ""is_health"": true, ""pain"": -2, ""recipes"": []},","{""name"": ""Здоровье"", ""description"": ""Обычное здоровье персонажа."", ""is_health"": true, ""pain"": -2, ""recipes"": []},"
Травка,Харальд,https://vk.com/id570449516,https://t.me/Harald_Horfager,0,0,1,1,"[RIGHT_ARM, LEFT_LEG, RIGHT_LEG]","{""name"": ""Изворотливый"", ""description"": ""Может вырваться из удержания за 1 энергию. Удерживающие не могут снова начать его удерживать 2 минуты."", ""is_health"": false, ""pain"": 0, ""recipes"": []},","{""name"": ""Привычный к улице"", ""description"": ""Один раз в день может взять случайный ресурс из коробки мёртвых вещей в каждом районе. При ночёвке в жилом доме восстанавливает на 1 энергию меньше."", ""is_health"": false, ""pain"": -1, ""recipes"": []},","{""name"": ""Ловкие пальцы"", ""description"": ""При взломе может за 1 энергию игнорировать 1 цвет замка. Нельзя использовать более 1 раза за 1 взлом. Нельзя игнорировать единственный цвет замка."", ""is_health"": false, ""pain"": 0, ""recipes"": []},","{""name"": ""Здоровье"", ""description"": ""Обычное здоровье персонажа."", ""is_health"": true, ""pain"": -2, ""recipes"": []},","{""name"": ""Здоровье"", ""description"": ""Обычное здоровье персонажа."", ""is_health"": true, ""pain"": -2, ""recipes"": []},","{""name"": ""Здоровье"", ""description"": ""Обычное здоровье персонажа."", ""is_health"": true, ""pain"": -2, ""recipes"": []},"
Мария Эйзенхарт,Луна,,,0,0,1,0,"[HEAD, CHEST, LEFT_ARM]","{""name"": ""Врач"", ""description"": ""Может лечить ранения, находясь в Больнице. При вскрытии тел игнорирует метку \""Неумелое вскрытие\"".  Не наносит рану при взятии крови. Может проводить исследования."", ""is_health"": false, ""pain"": 0, ""recipes"": [CRAFT_SPECIAL_MEDS]},","{""name"": ""Из последних сил"", ""description"": ""Может получить небоевое ранение, чтобы не тратить энергию."", ""is_health"": false, ""pain"": -1, ""recipes"": []},","{""name"": ""Дипломированный врач"", ""description"": ""Может лечить ранения, находясь в Больнице. При вскрытии тел игнорирует метку \""Неумелое вскрытие\"".  Не наносит рану при взятии крови. Может проводить исследования."", ""is_health"": false, ""pain"": 0, ""recipes"": []},","{""name"": ""Здоровье"", ""description"": ""Обычное здоровье персонажа."", ""is_health"": true, ""pain"": -2, ""recipes"": []},","{""name"": ""Здоровье"", ""description"": ""Обычное здоровье персонажа."", ""is_health"": true, ""pain"": -2, ""recipes"": []},","{""name"": ""Здоровье"", ""description"": ""Обычное здоровье персонажа."", ""is_health"": true, ""pain"": -2, ""recipes"": []},"
Дуня Жилова,Полынь,https://vk.com/id692616028,https://t.me/polyn47,0,0,1,0,"[HEAD, CHEST, RIGHT_ARM]","{""name"": ""Врач"", ""description"": ""Может лечить ранения, находясь в Больнице. При вскрытии тел игнорирует метку \""Неумелое вскрытие\"".  Не наносит рану при взятии крови. Может проводить исследования."", ""is_health"": false, ""pain"": 0, ""recipes"": [CRAFT_SPECIAL_MEDS]},","{""name"": ""Здоровый как бык"", ""description"": ""Считается дополнительной ячейкой здоровья."", ""is_health"": true, ""pain"": -3, ""recipes"": []},","{""name"": ""Менху"", ""description"": ""Знает все рецепты из медицинского списка. За одно создание лекарств создаёт две порции. Не получает репутацию порезов."", ""is_health"": false, ""pain"": 0, ""recipes"": [CRAFT_IMMUNICS, CRAFT_ANTIBIOTICS, CRAFT_PAINKILLERS]},","{""name"": ""Здоровье"", ""description"": ""Обычное здоровье персонажа."", ""is_health"": true, ""pain"": -2, ""recipes"": []},","{""name"": ""Здоровье"", ""description"": ""Обычное здоровье персонажа."", ""is_health"": true, ""pain"": -2, ""recipes"": []},","{""name"": ""Здоровье"", ""description"": ""Обычное здоровье персонажа."", ""is_health"": true, ""pain"": -2, ""recipes"": []},"
Роман Сахаров,Профессор Лейтон,https://vk.com/id800883377,,0,0,1,0,"[HEAD, CHEST, LEFT_LEG]","{""name"": ""Кулачный боец"", ""description"": ""Может перебросить свою монетку один раз за драку."", ""is_health"": false, ""pain"": -1, ""recipes"": []},","{""name"": ""Густая кровь"", ""description"": ""При ночёвке в доме 1 ранение снимается. Не работает для пулевых ранений."", ""is_health"": false, ""pain"": -1, ""recipes"": []},","{""name"": ""Здоровый как бык"", ""description"": ""Считается дополнительной ячейкой здоровья."", ""is_health"": true, ""pain"": -3, ""recipes"": []},","{""name"": ""Здоровье"", ""description"": ""Обычное здоровье персонажа."", ""is_health"": true, ""pain"": -2, ""recipes"": []},","{""name"": ""Здоровье"", ""description"": ""Обычное здоровье персонажа."", ""is_health"": true, ""pain"": -2, ""recipes"": []},","{""name"": ""Здоровье"", ""description"": ""Обычное здоровье персонажа."", ""is_health"": true, ""pain"": -2, ""recipes"": []},"
Везунчик,Ася ,https://vk.com/id377151135,,0,0,1,1,"[HEAD, CHEST, RIGHT_LEG]","{""name"": ""Родившийся в рубашке"", ""description"": ""Может потратить 3 энергии, чтобы не получать ранение или травму. Не спасает от Чумы и бессоницы."", ""is_health"": false, ""pain"": -1, ""recipes"": []},","{""name"": ""Привычный к улице"", ""description"": ""Один раз в день может взять случайный ресурс из коробки мёртвых вещей в каждом районе. При ночёвке в жилом доме восстанавливает на 1 энергию меньше."", ""is_health"": false, ""pain"": -1, ""recipes"": []},","{""name"": ""Взломщик"", ""description"": ""При взломе может либо тратить 10 секунд на взлом каждой части замка, либо сохранить одну потраченную отмычку после взлома."", ""is_health"": false, ""pain"": 0, ""recipes"": []},","{""name"": ""Здоровье"", ""description"": ""Обычное здоровье персонажа."", ""is_health"": true, ""pain"": -2, ""recipes"": []},","{""name"": ""Здоровье"", ""description"": ""Обычное здоровье персонажа."", ""is_health"": true, ""pain"": -2, ""recipes"": []},","{""name"": ""Здоровье"", ""description"": ""Обычное здоровье персонажа."", ""is_health"": true, ""pain"": -2, ""recipes"": []},"
Саян Мангыз,Андрей Лонгин,https://vk.com/id62869440,,0,0,1,0,"[HEAD, LEFT_ARM, RIGHT_ARM]","{""name"": ""Умелец"", ""description"": ""Знает 4 рецепта из общего списка."", ""is_health"": false, ""pain"": 0, ""recipes"": [REPAIR_BOOTS, REPAIR_BANDIT_MASKS, CRAFT_LOCKPICKS, UPGRADE_LOCKS]},","{""name"": ""Привычный к Степи"", ""description"": ""Может ночевать в Степи. Один раз в день не вскрывает чип твириновой настойки."", ""is_health"": false, ""pain"": -1, ""recipes"": []},","{""name"": ""Портной"", ""description"": ""При ремоне и создании одежды восстанавливает на 1 прочность больше. При наличии рецепта на ремонт одежды получает рецепт на создание аналогичной одежды."", ""is_health"": false, ""pain"": 0, ""recipes"": [CRAFT_BANDIT_MASKS, CRAFT_BOOTS]},","{""name"": ""Здоровье"", ""description"": ""Обычное здоровье персонажа."", ""is_health"": true, ""pain"": -2, ""recipes"": []},","{""name"": ""Здоровье"", ""description"": ""Обычное здоровье персонажа."", ""is_health"": true, ""pain"": -2, ""recipes"": []},","{""name"": ""Здоровье"", ""description"": ""Обычное здоровье персонажа."", ""is_health"": true, ""pain"": -2, ""recipes"": []},"
Айдар Мангыз,Саша,,,0,0,1,0,"[HEAD, LEFT_ARM, LEFT_LEG]","{""name"": ""Мясник с Боен"", ""description"": ""За работу на Бойнях получает дополнительную еду. При вскрытии тел игнорирует метку \""Неумелое вскрытие\""."", ""is_health"": false, ""pain"": -1, ""recipes"": []},","{""name"": ""Привычный к Степи"", ""description"": ""Может ночевать в Степи. Один раз в день не вскрывает чип твириновой настойки."", ""is_health"": false, ""pain"": -1, ""recipes"": []},","{""name"": ""Степной знахарь"", ""description"": ""Знает 1 рецепт из медицинского списка. За одно создание лекарств делает 2 порции."", ""is_health"": false, ""pain"": 0, ""recipes"": [CRAFT_ANTIBIOTICS]},","{""name"": ""Здоровье"", ""description"": ""Обычное здоровье персонажа."", ""is_health"": true, ""pain"": -2, ""recipes"": []},","{""name"": ""Здоровье"", ""description"": ""Обычное здоровье персонажа."", ""is_health"": true, ""pain"": -2, ""recipes"": []},","{""name"": ""Здоровье"", ""description"": ""Обычное здоровье персонажа."", ""is_health"": true, ""pain"": -2, ""recipes"": []},"
Золотко,кешик,https://vk.com/id236871166,https://t.me/innoowl,0,0,1,1,"[HEAD, LEFT_ARM, RIGHT_LEG]","{""name"": ""Родившийся в рубашке"", ""description"": ""Может потратить 3 энергии, чтобы не получать ранение или травму. Не спасает от Чумы и бессоницы."", ""is_health"": false, ""pain"": -1, ""recipes"": []},","{""name"": ""Непоседа"", ""description"": ""Восстанавливает на 2 энергии больше во время сна."", ""is_health"": false, ""pain"": 0, ""recipes"": []},","{""name"": ""Проныра"", ""description"": ""Может пройти сквозь баррикаду за 1 энергию."", ""is_health"": false, ""pain"": 0, ""recipes"": []},","{""name"": ""Здоровье"", ""description"": ""Обычное здоровье персонажа."", ""is_health"": true, ""pain"": -2, ""recipes"": []},","{""name"": ""Здоровье"", ""description"": ""Обычное здоровье персонажа."", ""is_health"": true, ""pain"": -2, ""recipes"": []},","{""name"": ""Здоровье"", ""description"": ""Обычное здоровье персонажа."", ""is_health"": true, ""pain"": -2, ""recipes"": []},"
Пётр Закиров,Доцент,https://vk.com/id2543044,,0,0,1,0,"[HEAD, RIGHT_ARM, LEFT_LEG]","{""name"": ""Кулачный боец"", ""description"": ""Может перебросить свою монетку один раз за драку."", ""is_health"": false, ""pain"": -1, ""recipes"": []},","{""name"": ""Стойкий"", ""description"": ""Имеет на одну слабую зону пыток меньше."", ""is_health"": false, ""pain"": -2, ""recipes"": []},","{""name"": ""Карманный жонглёр"", ""description"": ""При обыске может спрятать 1 предмет. За каждые 5 меток воровства, может спрятать ещё 1 предмет."", ""is_health"": false, ""pain"": 0, ""recipes"": []},","{""name"": ""Неудержимый"", ""description"": ""Может начать драку, находясь в удержании."", ""is_health"": true, ""pain"": 0, ""recipes"": []},","{""name"": ""Здоровье"", ""description"": ""Обычное здоровье персонажа."", ""is_health"": true, ""pain"": -2, ""recipes"": []},","{""name"": ""Здоровье"", ""description"": ""Обычное здоровье персонажа."", ""is_health"": true, ""pain"": -2, ""recipes"": []},"
Елена Ольгимская,zhur0,https://vk.com/id208595471,,0,0,1,0,"[HEAD, RIGHT_ARM, RIGHT_LEG]","{""name"": ""Умелец"", ""description"": ""Знает 4 рецепта из общего списка."", ""is_health"": false, ""pain"": 0, ""recipes"": [REPAIR_CLOAK, REPAIR_BOOTS, REPAIR_GLOVES, REPAIR_MASKS]},","{""name"": ""Здоровый как бык"", ""description"": ""Считается дополнительной ячейкой здоровья."", ""is_health"": true, ""pain"": -3, ""recipes"": []},","{""name"": ""Портной"", ""description"": ""При ремоне и создании одежды восстанавливает на 1 прочность больше. При наличии рецепта на ремонт одежды получает рецепт на создание аналогичной одежды."", ""is_health"": false, ""pain"": 0, ""recipes"": [CRAFT_CLOAKS, CRAFT_BOOTS, CRAFT_GLOVES, CRAFT_MASKS]},","{""name"": ""Здоровье"", ""description"": ""Обычное здоровье персонажа."", ""is_health"": true, ""pain"": -2, ""recipes"": []},","{""name"": ""Здоровье"", ""description"": ""Обычное здоровье персонажа."", ""is_health"": true, ""pain"": -2, ""recipes"": []},","{""name"": ""Здоровье"", ""description"": ""Обычное здоровье персонажа."", ""is_health"": true, ""pain"": -2, ""recipes"": []},"
Матильда Цаних,Карасик,https://vk.com/id760158502,https://t.me/Nicole_the_Wise,0,0,1,0,"[HEAD, LEFT_LEG, RIGHT_LEG]","{""name"": ""Кулачный боец"", ""description"": ""Может перебросить свою монетку один раз за драку."", ""is_health"": false, ""pain"": -1, ""recipes"": []},","{""name"": ""Стойкий"", ""description"": ""Имеет на одну слабую зону пыток меньше."", ""is_health"": false, ""pain"": -2, ""recipes"": []},","{""name"": ""Здоровый как бык"", ""description"": ""Считается дополнительной ячейкой здоровья."", ""is_health"": true, ""pain"": -3, ""recipes"": []},","{""name"": ""Здоровье"", ""description"": ""Обычное здоровье персонажа."", ""is_health"": true, ""pain"": -2, ""recipes"": []},","{""name"": ""Здоровье"", ""description"": ""Обычное здоровье персонажа."", ""is_health"": true, ""pain"": -2, ""recipes"": []},","{""name"": ""Здоровье"", ""description"": ""Обычное здоровье персонажа."", ""is_health"": true, ""pain"": -2, ""recipes"": []},"
"Комиссар части майор Филипп ""Погост"" Тёрн",Такавик,,https://t.me/sorcerers4l3t7,0,0,1,0,"[CHEST, LEFT_ARM, RIGHT_ARM]","{""name"": ""Свернуть шею"", ""description"": ""Может добивать без оружия."", ""is_health"": false, ""pain"": 0, ""recipes"": []},","{""name"": ""Хладнокровный убийца"", ""description"": ""При использовании ножа или добивании голыми руками добивание происходит за 10 секунд. Добивание голыми руками невозможно без навыка."", ""is_health"": false, ""pain"": 0, ""recipes"": []},","{""name"": ""Опытный дознаватель"", ""description"": ""При проведении пыток может сократить отыгрыш до 2 минут. Когда выбирает зоны, может назвать две вместо одной. Пытка будет успешной, если хотя бы одна из зон слабая."", ""is_health"": false, ""pain"": 0, ""recipes"": []},","{""name"": ""Стрелок"", ""description"": ""При осечке в драке может продолжать стрелять из пистолета."", ""is_health"": false, ""pain"": 0, ""recipes"": []},","{""name"": ""Здоровье"", ""description"": ""Обычное здоровье персонажа."", ""is_health"": true, ""pain"": -2, ""recipes"": []},","{""name"": ""Здоровье"", ""description"": ""Обычное здоровье персонажа."", ""is_health"": true, ""pain"": -2, ""recipes"": []},"
Ефрейтор Анатолий Перебродин,Фоблан,https://vk.com/id79957704,https://t.me/FoblanSwanager,0,0,1,0,"[CHEST, LEFT_ARM, LEFT_LEG]","{""name"": ""Умелец"", ""description"": ""Знает 4 рецепта из общего списка."", ""is_health"": false, ""pain"": 0, ""recipes"": [REPAIR_MASKS, REPAIR_ARMY_CLOAKS, CRAFT_TWYRINE, REPAIR_GUNS]},","{""name"": ""Свернуть шею"", ""description"": ""Может добивать без оружия."", ""is_health"": false, ""pain"": 0, ""recipes"": []},","{""name"": ""Портной"", ""description"": ""При ремоне и создании одежды восстанавливает на 1 прочность больше. При наличии рецепта на ремонт одежды получает рецепт на создание аналогичной одежды."", ""is_health"": false, ""pain"": 0, ""recipes"": [CRAFT_MASKS]},","{""name"": ""Здоровье"", ""description"": ""Обычное здоровье персонажа."", ""is_health"": true, ""pain"": -2, ""recipes"": []},","{""name"": ""Здоровье"", ""description"": ""Обычное здоровье персонажа."", ""is_health"": true, ""pain"": -2, ""recipes"": []},","{""name"": ""Здоровье"", ""description"": ""Обычное здоровье персонажа."", ""is_health"": true, ""pain"": -2, ""recipes"": []},"
Марта Одинцова,Сырочек,,https://t.me/MsTany,0,0,1,0,"[CHEST, LEFT_ARM, RIGHT_LEG]","{""name"": ""Умелец"", ""description"": ""Знает 4 рецепта из общего списка."", ""is_health"": false, ""pain"": 0, ""recipes"": [REPAIR_CLOAK, UPGRADE_LOCKS, REPAIR_GLOVES, REPAIR_MASKS]},","{""name"": ""Здоровый как бык"", ""description"": ""Считается дополнительной ячейкой здоровья."", ""is_health"": true, ""pain"": -3, ""recipes"": []},","{""name"": ""Портной"", ""description"": ""При ремоне и создании одежды восстанавливает на 1 прочность больше. При наличии рецепта на ремонт одежды получает рецепт на создание аналогичной одежды."", ""is_health"": false, ""pain"": 0, ""recipes"": [CRAFT_CLOAKS, CRAFT_GLOVES, CRAFT_MASKS]},","{""name"": ""Здоровье"", ""description"": ""Обычное здоровье персонажа."", ""is_health"": true, ""pain"": -2, ""recipes"": []},","{""name"": ""Здоровье"", ""description"": ""Обычное здоровье персонажа."", ""is_health"": true, ""pain"": -2, ""recipes"": []},","{""name"": ""Здоровье"", ""description"": ""Обычное здоровье персонажа."", ""is_health"": true, ""pain"": -2, ""recipes"": []},"
Элиас Вернер, Грик,,,0,0,1,0,"[CHEST, RIGHT_ARM, LEFT_LEG]","{""name"": ""Здоровый как бык"", ""description"": ""Считается дополнительной ячейкой здоровья."", ""is_health"": true, ""pain"": -3, ""recipes"": []},","{""name"": ""Из последних сил"", ""description"": ""Может получить небоевое ранение, чтобы не тратить энергию."", ""is_health"": false, ""pain"": -1, ""recipes"": []},","{""name"": ""Умелец"", ""description"": ""Знает 4 рецепта из общего списка."", ""is_health"": false, ""pain"": 0, ""recipes"": [REPAIR_CLOAK, CRAFT_TWYRINE, REPAIR_GLOVES, REPAIR_MASKS]},","{""name"": ""Здоровье"", ""description"": ""Обычное здоровье персонажа."", ""is_health"": true, ""pain"": -2, ""recipes"": []},","{""name"": ""Здоровье"", ""description"": ""Обычное здоровье персонажа."", ""is_health"": true, ""pain"": -2, ""recipes"": []},","{""name"": ""Здоровье"", ""description"": ""Обычное здоровье персонажа."", ""is_health"": true, ""pain"": -2, ""recipes"": []},"
Александр Дробовицкий,Роман Новиков,https://vk.com/id21464523,,0,0,1,0,"[CHEST, RIGHT_ARM, RIGHT_LEG]","{""name"": ""Кулачный боец"", ""description"": ""Может перебросить свою монетку один раз за драку."", ""is_health"": false, ""pain"": -1, ""recipes"": []},","{""name"": ""Густая кровь"", ""description"": ""При ночёвке в доме 1 ранение снимается. Не работает для пулевых ранений."", ""is_health"": false, ""pain"": -1, ""recipes"": []},","{""name"": ""Здоровый как бык"", ""description"": ""Считается дополнительной ячейкой здоровья."", ""is_health"": true, ""pain"": -3, ""recipes"": []},","{""name"": ""Здоровье"", ""description"": ""Обычное здоровье персонажа."", ""is_health"": true, ""pain"": -2, ""recipes"": []},","{""name"": ""Здоровье"", ""description"": ""Обычное здоровье персонажа."", ""is_health"": true, ""pain"": -2, ""recipes"": []},","{""name"": ""Здоровье"", ""description"": ""Обычное здоровье персонажа."", ""is_health"": true, ""pain"": -2, ""recipes"": []},"
Кеция,Монашка,,,0,0,1,0,"[LEFT_ARM, RIGHT_ARM, LEFT_LEG]","{""name"": ""Здоровый как бык"", ""description"": ""Считается дополнительной ячейкой здоровья."", ""is_health"": true, ""pain"": -3, ""recipes"": []},","{""name"": ""Привычный к Степи"", ""description"": ""Может ночевать в Степи. Один раз в день не вскрывает чип твириновой настойки."", ""is_health"": false, ""pain"": -1, ""recipes"": []},","{""name"": ""Знаток твирина"", ""description"": ""Может съесть 2 травы вместо 1 еды. Знает рецепт твириновых настоек."", ""is_health"": false, ""pain"": -1, ""recipes"": [CRAFT_TWYRINE]},","{""name"": ""Здоровье"", ""description"": ""Обычное здоровье персонажа."", ""is_health"": true, ""pain"": -2, ""recipes"": []},","{""name"": ""Здоровье"", ""description"": ""Обычное здоровье персонажа."", ""is_health"": true, ""pain"": -2, ""recipes"": []},","{""name"": ""Здоровье"", ""description"": ""Обычное здоровье персонажа."", ""is_health"": true, ""pain"": -2, ""recipes"": []},"
Илья Сабуров,Третьяков Илья,,,0,0,1,0,"[LEFT_ARM, RIGHT_ARM, RIGHT_LEG]","{""name"": ""Здоровый как бык"", ""description"": ""Считается дополнительной ячейкой здоровья."", ""is_health"": true, ""pain"": -3, ""recipes"": []},","{""name"": ""Из последних сил"", ""description"": ""Может получить небоевое ранение, чтобы не тратить энергию."", ""is_health"": false, ""pain"": -1, ""recipes"": []},","{""name"": ""Опытный дознаватель"", ""description"": ""При проведении пыток может сократить отыгрыш до 2 минут. Когда выбирает зоны, может назвать две вместо одной. Пытка будет успешной, если хотя бы одна из зон слабая."", ""is_health"": false, ""pain"": 0, ""recipes"": []},","{""name"": ""Здоровье"", ""description"": ""Обычное здоровье персонажа."", ""is_health"": true, ""pain"": -2, ""recipes"": []},","{""name"": ""Здоровье"", ""description"": ""Обычное здоровье персонажа."", ""is_health"": true, ""pain"": -2, ""recipes"": []},","{""name"": ""Здоровье"", ""description"": ""Обычное здоровье персонажа."", ""is_health"": true, ""pain"": -2, ""recipes"": []},"
Лис,Толль,,,0,0,1,1,"[LEFT_ARM, LEFT_LEG, RIGHT_LEG]","{""name"": ""Подмастерье"", ""description"": ""Выбирает взрослого до игры, который становится его учителем. Может пользоваться его рецептами, но только при непосредственном присутствии учителя. Не может создавать замки, ножи и одежду."", ""is_health"": false, ""pain"": 0, ""recipes"": []},","{""name"": ""Крепыш"", ""description"": ""При контакте с Чумой считается, что персонаж использовал на 1 иммуник больше. Суммируется с аналогичным свойством ребёнка."", ""is_health"": false, ""pain"": -2, ""recipes"": []},","{""name"": ""Взломщик"", ""description"": ""При взломе может либо тратить 10 секунд на взлом каждой части замка, либо сохранить одну потраченную отмычку после взлома."", ""is_health"": false, ""pain"": 0, ""recipes"": []},","{""name"": ""Здоровье"", ""description"": ""Обычное здоровье персонажа."", ""is_health"": true, ""pain"": -2, ""recipes"": []},","{""name"": ""Здоровье"", ""description"": ""Обычное здоровье персонажа."", ""is_health"": true, ""pain"": -2, ""recipes"": []},","{""name"": ""Здоровье"", ""description"": ""Обычное здоровье персонажа."", ""is_health"": true, ""pain"": -2, ""recipes"": []},"
Младший сержант Антон Соловьёв,Антон Прусенко,https://vk.com/id112013415,,0,0,1,0,"[RIGHT_ARM, LEFT_LEG, RIGHT_LEG]","{""name"": ""Здоровый как бык"", ""description"": ""Считается дополнительной ячейкой здоровья."", ""is_health"": true, ""pain"": -3, ""recipes"": []},","{""name"": ""Густая кровь"", ""description"": ""При ночёвке в доме 1 ранение снимается. Не работает для пулевых ранений."", ""is_health"": false, ""pain"": -1, ""recipes"": []},","{""name"": ""Умелец"", ""description"": ""Знает 4 рецепта из общего списка."", ""is_health"": false, ""pain"": 0, ""recipes"": [REPAIR_BOOTS, REPAIR_KNIVES, REPAIR_GUNS, REPAIR_ARMY_CLOAKS]},","{""name"": ""Здоровье"", ""description"": ""Обычное здоровье персонажа."", ""is_health"": true, ""pain"": -2, ""recipes"": []},","{""name"": ""Здоровье"", ""description"": ""Обычное здоровье персонажа."", ""is_health"": true, ""pain"": -2, ""recipes"": []},","{""name"": ""Здоровье"", ""description"": ""Обычное здоровье персонажа."", ""is_health"": true, ""pain"": -2, ""recipes"": []},"
Марк Зацепин,Игорь Матвеев,https://vk.com/id216687234,https://t.me/igor_lenin_ebat,0,0,1,0,"[LEFT_ARM, RIGHT_ARM, LEFT_LEG]","{""name"": ""Кулачный боец"", ""description"": ""Может перебросить свою монетку один раз за драку."", ""is_health"": false, ""pain"": -1, ""recipes"": []},","{""name"": ""Пудовый кулак"", ""description"": ""В драке за 1 энергию может понизить прочность 1 оружия на 2. Можно применить несколько раз за драку."", ""is_health"": false, ""pain"": 0, ""recipes"": []},","{""name"": ""Здоровый как бык"", ""description"": ""Считается дополнительной ячейкой здоровья."", ""is_health"": true, ""pain"": -3, ""recipes"": []},","{""name"": ""Родившийся в рубашке"", ""description"": ""Может потратить 3 энергии, чтобы не получать ранение или травму. Не спасает от Чумы и бессоницы."", ""is_health"": false, ""pain"": -1, ""recipes"": []},","{""name"": ""Здоровье"", ""description"": ""Обычное здоровье персонажа."", ""is_health"": true, ""pain"": -2, ""recipes"": []},","{""name"": ""Здоровье"", ""description"": ""Обычное здоровье персонажа."", ""is_health"": true, ""pain"": -2, ""recipes"": []},"
Юшка,Yu_sha,yu_shka,,0,1,1,1,"[HEAD, CHEST, LEFT_ARM]","{""name"": ""Врач"", ""description"": ""Может лечить ранения, находясь в Больнице. При вскрытии тел игнорирует метку \""Неумелое вскрытие\"".  Не наносит рану при взятии крови. Может проводить исследования."", ""is_health"": false, ""pain"": 0, ""recipes"": []},","{""name"": ""Привычный к Степи"", ""description"": ""Может ночевать в Степи. Один раз в день не вскрывает чип твириновой настойки."", ""is_health"": false, ""pain"": -1, ""recipes"": []},","{""name"": ""Стойкий"", ""description"": ""Имеет на одну слабую зону пыток меньше."", ""is_health"": false, ""pain"": -2, ""recipes"": []},","{""name"": ""Здоровье"", ""description"": ""Обычное здоровье персонажа"", ""is_health"": true, ""pain"": 0, ""recipes"": []}","{""name"": ""Здоровье"", ""description"": ""Обычное здоровье персонажа"", ""is_health"": true, ""pain"": 0, ""recipes"": []}","{""name"": ""Здоровье"", ""description"": ""Обычное здоровье персонажа"", ""is_health"": true, ""pain"": 0, ""recipes"": []}"
Рия,Ren_Raven,renraven,,0,1,1,1,"[HEAD, RIGHT_LEG, LEFT_LEG]","{""name"": ""Мелкий"", ""description"": ""При ночёвке в жилом доме может не занимать место. Если использует эту способность, восстанавливает на 1 энергию меньше."", ""is_health"": false, ""pain"": 0, ""recipes"": []},","{""name"": ""Непоседа"", ""description"": ""Восстанавливает на 2 энергии больше во время сна."", ""is_health"": false, ""pain"": 0, ""recipes"": []},","{""name"": ""Крепыш"", ""description"": ""При контакте с Чумой считается, что персонаж использовал на 1 иммуник больше. Суммируется с аналогичным свойством ребёнка."", ""is_health"": false, ""pain"": -2, ""recipes"": []},","{""name"": ""Здоровье"", ""description"": ""Обычное здоровье персонажа"", ""is_health"": true, ""pain"": 0, ""recipes"": []}","{""name"": ""Здоровье"", ""description"": ""Обычное здоровье персонажа"", ""is_health"": true, ""pain"": 0, ""recipes"": []}","{""name"": ""Здоровье"", ""description"": ""Обычное здоровье персонажа"", ""is_health"": true, ""pain"": 0, ""recipes"": []}"
Пёс,the_dogmeat,thedogmeat,,0,1,1,0,"[RIGHT_ARM, CHEST, RIGHT_LEG]","{""name"": ""Врач"", ""description"": ""Может лечить ранения, находясь в Больнице. При вскрытии тел игнорирует метку \""Неумелое вскрытие\"".  Не наносит рану при взятии крови. Может проводить исследования."", ""is_health"": false, ""pain"": 0, ""recipes"": [CRAFT_IMMUNICS, CRAFT_ANTIBIOTICS, CRAFT_PAINKILLERS, CRAFT_SPECIAL_MEDS]},","{""name"": ""Привычный к Степи"", ""description"": ""Может ночевать в Степи. Один раз в день не вскрывает чип твириновой настойки."", ""is_health"": false, ""pain"": -1, ""recipes"": [REPAIR_CLOAK]},","{""name"": ""Густая кровь"", ""description"": ""При ночёвке в доме 1 ранение снимается. Не работает для пулевых ранений."", ""is_health"": false, ""pain"": -1, ""recipes"": [REPAIR_GLOVES]},","{""name"": ""Здоровье"", ""description"": ""Обычное здоровье персонажа"", ""is_health"": true, ""pain"": 0, ""recipes"": []}","{""name"": ""Здоровье"", ""description"": ""Обычное здоровье персонажа"", ""is_health"": true, ""pain"": 0, ""recipes"": []}","{""name"": ""Здоровье"", ""description"": ""Обычное здоровье персонажа"", ""is_health"": true, ""pain"": 0, ""recipes"": []}"